[{"id":"user-image-project_20230720_1655142-011.png","fileName":"project_20230720_1655142-011.png","name":"project_20230720_1655142-011","publicUrl":"https://assets.nicepagecdn.com/8584b0b3/5408389/images/project_20230720_1655142-011.png","size":4607363,"hash":"/3mqVYUblRxflgXHVuLk6zVCllQ=","width":1920,"height":1920,"folderId":null,"thumbnail":{"url":"https://assets.nicepagecdn.com/8584b0b3/5408389/images/thumbnails/project_20230720_1655142-011.png","width":150,"height":150},"usages":["5408600"]},{"id":"user-image-project_20230720_1802544-01.png","fileName":"project_20230720_1802544-01.png","name":"project_20230720_1802544-01","publicUrl":"https://assets.nicepagecdn.com/8584b0b3/5408389/images/project_20230720_1802544-01.png","size":443617,"hash":"HCK1mAurG9lfmwYGro7C+nb/V1k=","width":1920,"height":1920,"folderId":null,"thumbnail":{"url":"https://assets.nicepagecdn.com/8584b0b3/5408389/images/thumbnails/project_20230720_1802544-01.png","width":150,"height":150},"usages":[]},{"id":"user-image-1535012.png","fileName":"1535012.png","name":"1535012","publicUrl":"https://assets.nicepagecdn.com/8584b0b3/5408389/images/1535012.png","size":3206,"hash":"6HlPwT3mPsUUjGd8rOo1Kazusl0=","width":128,"height":128,"folderId":null,"thumbnail":{"url":"https://assets.nicepagecdn.com/8584b0b3/5408389/images/1535012.png","width":128,"height":128},"usages":["5408600"]},{"id":"user-image-9454247.png","fileName":"9454247.png","name":"9454247","publicUrl":"https://assets.nicepagecdn.com/8584b0b3/5408389/images/9454247.png","size":1833,"hash":"2lB2EYisBcEOKihQ4F8Vnzi8fNo=","width":128,"height":128,"folderId":null,"thumbnail":{"url":"https://assets.nicepagecdn.com/8584b0b3/5408389/images/9454247.png","width":128,"height":128},"usages":["5408600"]},{"id":"user-image-3211590.png","fileName":"3211590.png","name":"3211590","publicUrl":"https://assets.nicepagecdn.com/8584b0b3/5408389/images/3211590.png","size":4991,"hash":"JpEzizJjizCE8hesUEDUzUUVAGM=","width":128,"height":128,"folderId":null,"thumbnail":{"url":"https://assets.nicepagecdn.com/8584b0b3/5408389/images/3211590.png","width":128,"height":128},"usages":["5408600"]},{"id":"user-image-3358799.png","fileName":"3358799.png","name":"3358799","publicUrl":"https://assets.nicepagecdn.com/8584b0b3/5408389/images/3358799.png","size":2867,"hash":"upRzzbQRcQgVpDVVsojaW8RuV6w=","width":128,"height":128,"folderId":null,"thumbnail":{"url":"https://assets.nicepagecdn.com/8584b0b3/5408389/images/3358799.png","width":128,"height":128},"usages":[]},{"id":"user-image-3515462.jpg","fileName":"3515462.jpg","name":"3515462","publicUrl":"https://assets.nicepagecdn.com/8584b0b3/5408389/images/3515462.jpg","size":209309,"hash":"L5/TMD2gAUVwr7+gcR+geNk9foc=","width":1920,"height":1920,"folderId":null,"thumbnail":{"url":"https://assets.nicepagecdn.com/8584b0b3/5408389/images/thumbnails/3515462.jpg","width":150,"height":150},"usages":["5408600"]},{"id":"user-image-3156630.jpg","fileName":"3156630.jpg","name":"3156630","publicUrl":"https://assets.nicepagecdn.com/8584b0b3/5408389/images/3156630.jpg","size":151406,"hash":"3K5g1HVojAjl6iz39ONA8XoTOFE=","width":1920,"height":1280,"folderId":null,"thumbnail":{"url":"https://assets.nicepagecdn.com/8584b0b3/5408389/images/thumbnails/3156630.jpg","width":150,"height":100},"usages":[]},{"id":"user-image-3156629.jpg","fileName":"3156629.jpg","name":"3156629","publicUrl":"https://assets.nicepagecdn.com/8584b0b3/5408389/images/3156629.jpg","size":151406,"hash":"3K5g1HVojAjl6iz39ONA8XoTOFE=","width":1920,"height":1280,"folderId":null,"thumbnail":{"url":"https://assets.nicepagecdn.com/8584b0b3/5408389/images/thumbnails/3156629.jpg","width":150,"height":100},"usages":[]},{"id":"user-image-3156628.jpg","fileName":"3156628.jpg","name":"3156628","publicUrl":"https://assets.nicepagecdn.com/8584b0b3/5408389/images/3156628.jpg","size":151406,"hash":"3K5g1HVojAjl6iz39ONA8XoTOFE=","width":1920,"height":1280,"folderId":null,"thumbnail":{"url":"https://assets.nicepagecdn.com/8584b0b3/5408389/images/thumbnails/3156628.jpg","width":150,"height":100},"usages":[]},{"id":"user-image-3156627.jpg","fileName":"3156627.jpg","name":"3156627","publicUrl":"https://assets.nicepagecdn.com/8584b0b3/5408389/images/3156627.jpg","size":151406,"hash":"3K5g1HVojAjl6iz39ONA8XoTOFE=","width":1920,"height":1280,"folderId":null,"thumbnail":{"url":"https://assets.nicepagecdn.com/8584b0b3/5408389/images/thumbnails/3156627.jpg","width":150,"height":100},"usages":[]},{"id":"user-image-photo-1636706519609-988babca3dd5.jpeg","fileName":"photo-1636706519609-988babca3dd5.jpeg","name":"photo-1636706519609-988babca3dd5","publicUrl":"https://assets.nicepagecdn.com/8584b0b3/5408389/images/photo-1636706519609-988babca3dd5.jpeg","size":186410,"hash":"3RpdohhouBTIaGg4A8q1OkdUrGw=","width":1000,"height":605,"folderId":null,"thumbnail":{"url":"https://assets.nicepagecdn.com/8584b0b3/5408389/images/thumbnails/photo-1636706519609-988babca3dd5.jpeg","width":150,"height":91},"usages":["5408600"]},{"id":"user-image-andreas-brucker-g5Uh7nP60FA-unsplash.jpg","fileName":"andreas-brucker-g5Uh7nP60FA-unsplash.jpg","name":"andreas-brucker-g5Uh7nP60FA-unsplash","publicUrl":"https://assets.nicepagecdn.com/8584b0b3/5408389/images/andreas-brucker-g5Uh7nP60FA-unsplash.jpg","size":842994,"hash":"ontXH0RcAfE8V5t0VNdusndUWso=","width":1920,"height":1280,"folderId":null,"thumbnail":{"url":"https://assets.nicepagecdn.com/8584b0b3/5408389/images/thumbnails/andreas-brucker-g5Uh7nP60FA-unsplash.jpg","width":150,"height":100},"usages":[]},{"id":"user-image-matthew-henry-VviFtDJakYk-unsplash.jpg","fileName":"matthew-henry-VviFtDJakYk-unsplash.jpg","name":"matthew-henry-VviFtDJakYk-unsplash","publicUrl":"https://assets.nicepagecdn.com/8584b0b3/5408389/images/matthew-henry-VviFtDJakYk-unsplash.jpg","size":576041,"hash":"gD8LnQ0AbsPqR+VSLLtFleQYqSo=","width":1920,"height":1280,"folderId":null,"thumbnail":{"url":"https://assets.nicepagecdn.com/8584b0b3/5408389/images/thumbnails/matthew-henry-VviFtDJakYk-unsplash.jpg","width":150,"height":100},"usages":[]},{"id":"user-image-tim-stief-dH6IjhWHNQQ-unsplash-1.jpg","fileName":"tim-stief-dH6IjhWHNQQ-unsplash-1.jpg","name":"tim-stief-dH6IjhWHNQQ-unsplash-1","publicUrl":"https://assets.nicepagecdn.com/8584b0b3/5408389/images/tim-stief-dH6IjhWHNQQ-unsplash-1.jpg","size":666958,"hash":"9MZl3uTwWjRZbGTS3N6HMVyNFf8=","width":1283,"height":1920,"folderId":null,"thumbnail":{"url":"https://assets.nicepagecdn.com/8584b0b3/5408389/images/thumbnails/tim-stief-dH6IjhWHNQQ-unsplash-1.jpg","width":100,"height":150},"usages":[]},{"id":"user-image-dan-freeman-WHPsxhB4mWQ-unsplash.jpg","fileName":"dan-freeman-WHPsxhB4mWQ-unsplash.jpg","name":"dan-freeman-WHPsxhB4mWQ-unsplash","publicUrl":"https://assets.nicepagecdn.com/8584b0b3/5408389/images/dan-freeman-WHPsxhB4mWQ-unsplash.jpg","size":812148,"hash":"NBnEM42HA0BCRWMYVxkDRa54m3c=","width":1920,"height":1280,"folderId":null,"thumbnail":{"url":"https://assets.nicepagecdn.com/8584b0b3/5408389/images/thumbnails/dan-freeman-WHPsxhB4mWQ-unsplash.jpg","width":150,"height":100},"usages":[]},{"id":"user-image-5880db8c737acf4c1565d20efabc8c98d2e50485187bf99edb9d96c9bac365b816d33ab1cd5dc2d6594aac618e2052303a81a8a0b648ebf10937b1_1280.jpg","fileName":"5880db8c737acf4c1565d20efabc8c98d2e50485187bf99edb9d96c9bac365b816d33ab1cd5dc2d6594aac618e2052303a81a8a0b648ebf10937b1_1280.jpg","name":"5880db8c737acf4c1565d20efabc8c98d2e50485187bf99edb9d96c9bac365b816d33ab1cd5dc2d6594aac618e2052303a81a8a0b648ebf10937b1_1280","publicUrl":"https://assets.nicepagecdn.com/8584b0b3/5408389/images/5880db8c737acf4c1565d20efabc8c98d2e50485187bf99edb9d96c9bac365b816d33ab1cd5dc2d6594aac618e2052303a81a8a0b648ebf10937b1_1280.jpg","size":443885,"hash":"3O0X+l+4bxgKw1amEXaYJKVTuyo=","width":1280,"height":853,"folderId":null,"thumbnail":{"url":"https://assets.nicepagecdn.com/8584b0b3/5408389/images/thumbnails/5880db8c737acf4c1565d20efabc8c98d2e50485187bf99edb9d96c9bac365b816d33ab1cd5dc2d6594aac618e2052303a81a8a0b648ebf10937b1_1280.jpg","width":150,"height":100},"usages":[]},{"id":"user-image-d3d0989c0eb926c993230fe97dd254f46de92636c265b66c6c57ff716c8f0629db1b1c67aed2852c0f579d44d3de34d1c1bf82ef27ae6bf7054861_1280.jpg","fileName":"d3d0989c0eb926c993230fe97dd254f46de92636c265b66c6c57ff716c8f0629db1b1c67aed2852c0f579d44d3de34d1c1bf82ef27ae6bf7054861_1280.jpg","name":"d3d0989c0eb926c993230fe97dd254f46de92636c265b66c6c57ff716c8f0629db1b1c67aed2852c0f579d44d3de34d1c1bf82ef27ae6bf7054861_1280","publicUrl":"https://assets.nicepagecdn.com/8584b0b3/5408389/images/d3d0989c0eb926c993230fe97dd254f46de92636c265b66c6c57ff716c8f0629db1b1c67aed2852c0f579d44d3de34d1c1bf82ef27ae6bf7054861_1280.jpg","size":206709,"hash":"J1kekvsy/FhDSoW2WTua6F3EAKs=","width":1280,"height":853,"folderId":null,"thumbnail":{"url":"https://assets.nicepagecdn.com/8584b0b3/5408389/images/thumbnails/d3d0989c0eb926c993230fe97dd254f46de92636c265b66c6c57ff716c8f0629db1b1c67aed2852c0f579d44d3de34d1c1bf82ef27ae6bf7054861_1280.jpg","width":150,"height":100},"usages":[]},{"id":"user-image-149197.png","fileName":"149197.png","name":"149197","publicUrl":"https://assets.nicepagecdn.com/8584b0b3/5408389/images/149197.png","size":2432,"hash":"2YB3kO5DzSY4Sn8MqzmypirFupQ=","width":128,"height":128,"folderId":null,"thumbnail":{"url":"https://assets.nicepagecdn.com/8584b0b3/5408389/images/149197.png","width":128,"height":128},"usages":["5408600"]},{"id":"user-image-149447.png","fileName":"149447.png","name":"149447","publicUrl":"https://assets.nicepagecdn.com/8584b0b3/5408389/images/149447.png","size":2860,"hash":"SyruI7Qq1rkXrP5JXgYmh0jql+A=","width":128,"height":128,"folderId":null,"thumbnail":{"url":"https://assets.nicepagecdn.com/8584b0b3/5408389/images/149447.png","width":128,"height":128},"usages":[]},{"id":"user-image-dawid-zawila--G3rw6Y02D0-unsplash.jpg","fileName":"dawid-zawila--G3rw6Y02D0-unsplash.jpg","name":"dawid-zawila--G3rw6Y02D0-unsplash","publicUrl":"https://assets.nicepagecdn.com/8584b0b3/5408389/images/dawid-zawila--G3rw6Y02D0-unsplash.jpg","size":634898,"hash":"Q0yPQQl4KJGY4a7ZCcOqk3LNNyQ=","width":1920,"height":1280,"folderId":null,"thumbnail":{"url":"https://assets.nicepagecdn.com/8584b0b3/5408389/images/thumbnails/dawid-zawila--G3rw6Y02D0-unsplash.jpg","width":150,"height":100},"usages":[]},{"id":"user-image-tim-stief-dH6IjhWHNQQ-unsplash.jpg","fileName":"tim-stief-dH6IjhWHNQQ-unsplash.jpg","name":"tim-stief-dH6IjhWHNQQ-unsplash","publicUrl":"https://assets.nicepagecdn.com/8584b0b3/5408389/images/tim-stief-dH6IjhWHNQQ-unsplash.jpg","size":666958,"hash":"9MZl3uTwWjRZbGTS3N6HMVyNFf8=","width":1283,"height":1920,"folderId":null,"thumbnail":{"url":"https://assets.nicepagecdn.com/8584b0b3/5408389/images/thumbnails/tim-stief-dH6IjhWHNQQ-unsplash.jpg","width":100,"height":150},"usages":[]}]